Workbook

Sheet RawData
A1: part_id | B1: part_class | C1: ata_chapter | D1: aircraft_type | E1: location_id | F1: period_start_date | G1: demand_quantity | H1: issues_quantity | I1: opening_inventory | J1: closing_inventory | K1: stockout_indicator | L1: flight_cycles | M1: lead_time_days | N1: Column1 | O1: Column2 | P1: period_start_date_FIXED | Q1: Part_Boundary | R1: PartPeriodIndex | S1: LastDemandIndex | T1: Z (smoothed demand size) | U1: X (smoothed interval) | V1: Croston_Recursive_Forecast | X1: 0.2
A2: P001 | B2: fast_moving | C2: 32 | D2: A320 | E2: MRO_BLR | F2: 43101 | G2: 11 | H2: 11 | I2: 23 | J2: 12 | K2: 0 | L2: 609 | M2: 15 | N2: =MAX(F:F) -> 44938 | O2: =MIN(F:F) -> 43101 | P2: =DATE(YEAR(F2), DAY(F2), 1) -> 43101 | Q2: =IF(A2<>A1, 1, 0) -> 1 | R2: =IF(Q2=1,1,R1+1) -> 1 | S2: =IF(Q2=1, IF(G2>0, R2, 0), IF(G2>0, R2, OFFSET(S2,-1,0))) -> 1 | T2: =IF(Q2=1, IF(G2>0, G2, 0), IF(G2>0, $X$1*G2+(1-$X$1)*OFFSET(T2,-1,0), OFFSET(T2,-1,0))) -> 11 | U2: =IF(Q2=1, 1, IF(G2>0, $X$1*(R2-OFFSET(S2,-1,0))+(1-$X$1)*OFFSET(U2,-1,0), OFFSET(U2,-1,0))) -> 1 | V2: =RawData[[#This Row],[Z (smoothed demand size)]]/RawData[[#This Row],[X (smoothed interval)]] -> 11
A3: P001 | B3: fast_moving | C3: 32 | D3: A320 | E3: MRO_BLR | F3: 43102 | G3: 11 | H3: 11 | I3: 12 | J3: 1 | K3: 0 | L3: 609 | M3: 15 | N3: =MAX(F:F) -> 44938 | O3: =MIN(F:F) -> 43101 | P3: =DATE(YEAR(F3), DAY(F3), 1) -> 43132 | Q3: =IF(A3<>A2, 1, 0) -> 0 | R3: =IF(Q3=1,1,R2+1) -> 2 | S3: =IF(Q3=1, IF(G3>0, R3, 0), IF(G3>0, R3, OFFSET(S3,-1,0))) -> 2 | T3: =IF(Q3=1, IF(G3>0, G3, 0), IF(G3>0, $X$1*G3+(1-$X$1)*OFFSET(T3,-1,0), OFFSET(T3,-1,0))) -> 11 | U3: =IF(Q3=1, 1, IF(G3>0, $X$1*(R3-OFFSET(S3,-1,0))+(1-$X$1)*OFFSET(U3,-1,0), OFFSET(U3,-1,0))) -> 1 | V3: =RawData[[#This Row],[Z (smoothed demand size)]]/RawData[[#This Row],[X (smoothed interval)]] -> 11
A4: P001 | B4: fast_moving | C4: 32 | D4: A320 | E4: MRO_BLR | F4: 43103 | G4: 6 | H4: 6 | I4: 8 | J4: 2 | K4: 0 | L4: 610 | M4: 30 | N4: =MAX(F:F) -> 44938 | O4: =MIN(F:F) -> 43101 | P4: =DATE(YEAR(F4), DAY(F4), 1) -> 43160 | Q4: =IF(A4<>A3, 1, 0) -> 0 | R4: =IF(Q4=1,1,R3+1) -> 3 | S4: =IF(Q4=1, IF(G4>0, R4, 0), IF(G4>0, R4, OFFSET(S4,-1,0))) -> 3 | T4: =IF(Q4=1, IF(G4>0, G4, 0), IF(G4>0, $X$1*G4+(1-$X$1)*OFFSET(T4,-1,0), OFFSET(T4,-1,0))) -> 10 | U4: =IF(Q4=1, 1, IF(G4>0, $X$1*(R4-OFFSET(S4,-1,0))+(1-$X$1)*OFFSET(U4,-1,0), OFFSET(U4,-1,0))) -> 1 | V4: =RawData[[#This Row],[Z (smoothed demand size)]]/RawData[[#This Row],[X (smoothed interval)]] -> 10
A5: P001 | B5: fast_moving | C5: 32 | D5: A320 | E5: MRO_BLR | F5: 43104 | G5: 10 | H5: 10 | I5: 13 | J5: 3 | K5: 0 | L5: 605 | M5: 15 | N5: =MAX(F:F) -> 44938 | O5: =MIN(F:F) -> 43101 | P5: =DATE(YEAR(F5), DAY(F5), 1) -> 43191 | Q5: =IF(A5<>A4, 1, 0) -> 0 | R5: =IF(Q5=1,1,R4+1) -> 4 | S5: =IF(Q5=1, IF(G5>0, R5, 0), IF(G5>0, R5, OFFSET(S5,-1,0))) -> 4 | T5: =IF(Q5=1, IF(G5>0, G5, 0), IF(G5>0, $X$1*G5+(1-$X$1)*OFFSET(T5,-1,0), OFFSET(T5,-1,0))) -> 10 | U5: =IF(Q5=1, 1, IF(G5>0, $X$1*(R5-OFFSET(S5,-1,0))+(1-$X$1)*OFFSET(U5,-1,0), OFFSET(U5,-1,0))) -> 1 | V5: =RawData[[#This Row],[Z (smoothed demand size)]]/RawData[[#This Row],[X (smoothed interval)]] -> 10
A6: P001 | B6: fast_moving | C6: 32 | D6: A320 | E6: MRO_BLR | F6: 43105 | G6: 9 | H6: 9 | I6: 15 | J6: 6 | K6: 0 | L6: 603 | M6: 30 | N6: =MAX(F:F) -> 44938 | O6: =MIN(F:F) -> 43101 | P6: =DATE(YEAR(F6), DAY(F6), 1) -> 43221 | Q6: =IF(A6<>A5, 1, 0) -> 0 | R6: =IF(Q6=1,1,R5+1) -> 5 | S6: =IF(Q6=1, IF(G6>0, R6, 0), IF(G6>0, R6, OFFSET(S6,-1,0))) -> 5 | T6: =IF(Q6=1, IF(G6>0, G6, 0), IF(G6>0, $X$1*G6+(1-$X$1)*OFFSET(T6,-1,0), OFFSET(T6,-1,0))) -> 9.8 | U6: =IF(Q6=1, 1, IF(G6>0, $X$1*(R6-OFFSET(S6,-1,0))+(1-$X$1)*OFFSET(U6,-1,0), OFFSET(U6,-1,0))) -> 1 | V6: =RawData[[#This Row],[Z (smoothed demand size)]]/RawData[[#This Row],[X (smoothed interval)]] -> 9.8
A7: P001 | B7: fast_moving | C7: 32 | D7: A320 | E7: MRO_BLR | F7: 43106 | G7: 10 | H7: 10 | I7: 13 | J7: 3 | K7: 0 | L7: 696 | M7: 30 | N7: =MAX(F:F) -> 44938 | O7: =MIN(F:F) -> 43101 | P7: =DATE(YEAR(F7), DAY(F7), 1) -> 43252 | Q7: =IF(A7<>A6, 1, 0) -> 0 | R7: =IF(Q7=1,1,R6+1) -> 6 | S7: =IF(Q7=1, IF(G7>0, R7, 0), IF(G7>0, R7, OFFSET(S7,-1,0))) -> 6 | T7: =IF(Q7=1, IF(G7>0, G7, 0), IF(G7>0, $X$1*G7+(1-$X$1)*OFFSET(T7,-1,0), OFFSET(T7,-1,0))) -> 9.84 | U7: =IF(Q7=1, 1, IF(G7>0, $X$1*(R7-OFFSET(S7,-1,0))+(1-$X$1)*OFFSET(U7,-1,0), OFFSET(U7,-1,0))) -> 1 | V7: =RawData[[#This Row],[Z (smoothed demand size)]]/RawData[[#This Row],[X (smoothed interval)]] -> 9.84
A8: P001 | B8: fast_moving | C8: 32 | D8: A320 | E8: MRO_BLR | F8: 43107 | G8: 7 | H8: 7 | I8: 14 | J8: 7 | K8: 0 | L8: 685 | M8: 15 | N8: =MAX(F:F) -> 44938 | O8: =MIN(F:F) -> 43101 | P8: =DATE(YEAR(F8), DAY(F8), 1) -> 43282 | Q8: =IF(A8<>A7, 1, 0) -> 0 | R8: =IF(Q8=1,1,R7+1) -> 7 | S8: =IF(Q8=1, IF(G8>0, R8, 0), IF(G8>0, R8, OFFSET(S8,-1,0))) -> 7 | T8: =IF(Q8=1, IF(G8>0, G8, 0), IF(G8>0, $X$1*G8+(1-$X$1)*OFFSET(T8,-1,0), OFFSET(T8,-1,0))) -> 9.272 | U8: =IF(Q8=1, 1, IF(G8>0, $X$1*(R8-OFFSET(S8,-1,0))+(1-$X$1)*OFFSET(U8,-1,0), OFFSET(U8,-1,0))) -> 1 | V8: =RawData[[#This Row],[Z (smoothed demand size)]]/RawData[[#This Row],[X (smoothed interval)]] -> 9.272
A9: P001 | B9: fast_moving | C9: 32 | D9: A320 | E9: MRO_BLR | F9: 43108 | G9: 9 | H9: 9 | I9: 14 | J9: 5 | K9: 0 | L9: 687 | M9: 60 | N9: =MAX(F:F) -> 44938 | O9: =MIN(F:F) -> 43101 | P9: =DATE(YEAR(F9), DAY(F9), 1) -> 43313 | Q9: =IF(A9<>A8, 1, 0) -> 0 | R9: =IF(Q9=1,1,R8+1) -> 8 | S9: =IF(Q9=1, IF(G9>0, R9, 0), IF(G9>0, R9, OFFSET(S9,-1,0))) -> 8 | T9: =IF(Q9=1, IF(G9>0, G9, 0), IF(G9>0, $X$1*G9+(1-$X$1)*OFFSET(T9,-1,0), OFFSET(T9,-1,0))) -> 9.2176 | U9: =IF(Q9=1, 1, IF(G9>0, $X$1*(R9-OFFSET(S9,-1,0))+(1-$X$1)*OFFSET(U9,-1,0), OFFSET(U9,-1,0))) -> 1 | V9: =RawData[[#This Row],[Z (smoothed demand size)]]/RawData[[#This Row],[X (smoothed interval)]] -> 9.2176
A10: P001 | B10: fast_moving | C10: 32 | D10: A320 | E10: MRO_BLR | F10: 43109 | G10: 8 | H10: 5 | I10: 5 | J10: 0 | K10: 1 | L10: 598 | M10: 30 | N10: =MAX(F:F) -> 44938 | O10: =MIN(F:F) -> 43101 | P10: =DATE(YEAR(F10), DAY(F10), 1) -> 43344 | Q10: =IF(A10<>A9, 1, 0) -> 0 | R10: =IF(Q10=1,1,R9+1) -> 9 | S10: =IF(Q10=1, IF(G10>0, R10, 0), IF(G10>0, R10, OFFSET(S10,-1,0))) -> 9 | T10: =IF(Q10=1, IF(G10>0, G10, 0), IF(G10>0, $X$1*G10+(1-$X$1)*OFFSET(T10,-1,0), OFFSET(T10,-1,0))) -> 8.97408 | U10: =IF(Q10=1, 1, IF(G10>0, $X$1*(R10-OFFSET(S10,-1,0))+(1-$X$1)*OFFSET(U10,-1,0), OFFSET(U10,-1,0))) -> 1 | V10: =RawData[[#This Row],[Z (smoothed demand size)]]/RawData[[#This Row],[X (smoothed interval)]] -> 8.97408
A11: P001 | B11: fast_moving | C11: 32 | D11: A320 | E11: MRO_BLR | F11: 43110 | G11: 9 | H11: 9 | I11: 10 | J11: 1 | K11: 0 | L11: 600 | M11: 60 | N11: =MAX(F:F) -> 44938 | O11: =MIN(F:F) -> 43101 | P11: =DATE(YEAR(F11), DAY(F11), 1) -> 43374 | Q11: =IF(A11<>A10, 1, 0) -> 0 | R11: =IF(Q11=1,1,R10+1) -> 10 | S11: =IF(Q11=1, IF(G11>0, R11, 0), IF(G11>0, R11, OFFSET(S11,-1,0))) -> 10 | T11: =IF(Q11=1, IF(G11>0, G11, 0), IF(G11>0, $X$1*G11+(1-$X$1)*OFFSET(T11,-1,0), OFFSET(T11,-1,0))) -> 8.979264 | U11: =IF(Q11=1, 1, IF(G11>0, $X$1*(R11-OFFSET(S11,-1,0))+(1-$X$1)*OFFSET(U11,-1,0), OFFSET(U11,-1,0))) -> 1 | V11: =RawData[[#This Row],[Z (smoothed demand size)]]/RawData[[#This Row],[X (smoothed interval)]] -> 8.979264
A12: P001 | B12: fast_moving | C12: 32 | D12: A320 | E12: MRO_BLR | F12: 43111 | G12: 4 | H12: 1 | I12: 1 | J12: 0 | K12: 1 | L12: 608 | M12: 30 | N12: =MAX(F:F) -> 44938 | O12: =MIN(F:F) -> 43101 | P12: =DATE(YEAR(F12), DAY(F12), 1) -> 43405 | Q12: =IF(A12<>A11, 1, 0) -> 0 | R12: =IF(Q12=1,1,R11+1) -> 11 | S12: =IF(Q12=1, IF(G12>0, R12, 0), IF(G12>0, R12, OFFSET(S12,-1,0))) -> 11 | T12: =IF(Q12=1, IF(G12>0, G12, 0), IF(G12>0, $X$1*G12+(1-$X$1)*OFFSET(T12,-1,0), OFFSET(T12,-1,0))) -> 7.9834112 | U12: =IF(Q12=1, 1, IF(G12>0, $X$1*(R12-OFFSET(S12,-1,0))+(1-$X$1)*OFFSET(U12,-1,0), OFFSET(U12,-1,0))) -> 1 | V12: =RawData[[#This Row],[Z (smoothed demand size)]]/RawData[[#This Row],[X (smoothed interval)]] -> 7.9834112
A13: P001 | B13: fast_moving | C13: 32 | D13: A320 | E13: MRO_BLR | F13: 43112 | G13: 13 | H13: 12 | I13: 12 | J13: 0 | K13: 1 | L13: 691 | M13: 45 | N13: =MAX(F:F) -> 44938 | O13: =MIN(F:F) -> 43101 | P13: =DATE(YEAR(F13), DAY(F13), 1) -> 43435 | Q13: =IF(A13<>A12, 1, 0) -> 0 | R13: =IF(Q13=1,1,R12+1) -> 12 | S13: =IF(Q13=1, IF(G13>0, R13, 0), IF(G13>0, R13, OFFSET(S13,-1,0))) -> 12 | T13: =IF(Q13=1, IF(G13>0, G13, 0), IF(G13>0, $X$1*G13+(1-$X$1)*OFFSET(T13,-1,0), OFFSET(T13,-1,0))) -> 8.986729 | U13: =IF(Q13=1, 1, IF(G13>0, $X$1*(R13-OFFSET(S13,-1,0))+(1-$X$1)*OFFSET(U13,-1,0), OFFSET(U13,-1,0))) -> 1 | V13: =RawData[[#This Row],[Z (smoothed demand size)]]/RawData[[#This Row],[X (smoothed interval)]] -> 8.986729
... A4321: P060 | B4321: intermittent | C4321: 49 | D4321: A320 | E4321: MRO_BLR | F4321: 44938 | G4321: 0 | H4321: 0 | I4321: 7 | J4321: 7 | K4321: 0 | L4321: 642 | M4321: 15 | N4321: =MAX(F:F) -> 44938 | O4321: =MIN(F:F) -> 43101 | P4321: =DATE(YEAR(F4321), DAY(F4321), 1) -> 45261 | Q4321: =IF(A4321<>A4320, 1, 0) -> 0 | R4321: =IF(Q4321=1,1,R4320+1) -> 72 | S4321: =IF(Q4321=1, IF(G4321>0, R4321, 0), IF(G4321>0, R4321, OFFSET(S4321,-1,0))) -> 69 | T4321: =IF(Q4321=1, IF(G4321>0, G4321, 0), IF(G4321>0, $X$1*G4321+(1-$X$1)*OFFSET(T4321,-1,0), OFFSET(T4321,-1,0))) -> 1.9202278 | U4321: =IF(Q4321=1, 1, IF(G4321>0, $X$1*(R4321-OFFSET(S4321,-1,0))+(1-$X$1)*OFFSET(U4321,-1,0), OFFSET(U4321,-1,0))) -> 6.7716122 | V4321: =RawData[[#This Row],[Z (smoothed demand size)]]/RawData[[#This Row],[X (smoothed interval)]] -> 0.28357026
G4326: =AVERAGE(G795:G800) -> 8.5

Sheet Part_Summary
A1: part_id | B1: TotalPeriods | C1: NonZeroPeriods | D1: MeanNonZeroDemand | E1: StdDevNonZeroDemand | F1: ADI | G1: CV2 | H1: MoverType | I1: TotalDemand | J1: Rank | K1: CumulativeDemand | L1: CumulativePercent | M1: ABC_Class | N1: CV_Demand | O1: XYZ_Class | P1: ABC_XYZ | Q1: AvgLeadTime | R1: StdDevLeadTime | S1: LastPeriodDate | T1: MovingAverage_6mo (for Smooth parts) | U1: Croston_Forecast (for Intermittent parts) static | V1: RecursiveCroston_Final column | W1: FinalForecast | X1: Z_Score | Y1: SafetyStock | Z1: ROP | AA1: service level | AB1: 0.95
A2: P012 | B2: =72 -> 72 | C2: =COUNTIFS(RawData[part_id], A2, RawData[demand_quantity], ">0") -> 72 | D2: =AVERAGEIFS(RawData[demand_quantity], RawData[part_id], A2, RawData[demand_quantity], ">0") -> 8.5138889 | E2: {=_xlfn.STDEV.S(IF((RawData[part_id]=A2)*(RawData[demand_quantity]>0), RawData[demand_quantity]))} -> 2.7983549 | F2: =PartSummary[[#This Row],[TotalPeriods]]/PartSummary[[#This Row],[NonZeroPeriods]] -> 1 | G2: =(E2 / D2) ^ 2 -> 0.10803131 | H2: =IF(F2<=1.32, IF(G2<=0.49, "Smooth", "Erratic"), IF(G2<=0.49, "Intermittent", "Lumpy")) -> Smooth | I2: =SUMIFS('RawData'!G:G,'RawData'!A:A,PartSummary[[#This Row],[part_id]]) -> 613 | J2: =_xlfn.RANK.EQ(I2, $I$2:$I$61, 0) -> 1 | K2: =SUMIFS($I$2:$I$61, $J$2:$J$61, "<="&J2) -> 613 | L2: =K2 / SUM($I$2:$I$61) -> 0.042822214 | M2: =IF(L2<=0.8, "A", IF(L2<=0.95, "B", "C")) -> A | N2: =PartSummary[[#This Row],[StdDevNonZeroDemand]]/PartSummary[[#This Row],[MeanNonZeroDemand]] -> 0.32868117 | O2: =IF(N2<=0.5, "X", IF(N2<=1, "Y", "Z")) -> X | P2: =M2 & O2 -> AX | Q2: =AVERAGEIFS('RawData'!M:M,'RawData'!A:A,PartSummary[[#This Row],[part_id]]) -> 39.166667 | R2: {=_xlfn.STDEV.S(IF('RawData'!A:A=PartSummary[[#This Row],[part_id]],'RawData'!M:M))} -> 16.992127 | S2: {=MAX(IF(RawData[part_id]=A2, RawData[period_start_date_FIXED]))} -> 45261 | T2: =AVERAGEIFS(RawData[demand_quantity], RawData[part_id], A2, RawData[period_start_date_FIXED], ">"&EDATE(S2,-6)) -> 8.6666667 | U2: {=(LOOKUP(2,1/((RawData[part_id]=A2)*(RawData[demand_quantity]<>0)), RawData[demand_quantity])) / F2} -> 8 | V2: {=LOOKUP(2,1/(RawData[part_id]=A2), RawData[Croston_Recursive_Forecast])} -> 8.3689984 | W2: =IF(H2="Smooth", T2, IF(H2="Intermittent", V2, (1-0.2/2)*V2)) -> 8.6666667 | X2: =_xlfn.NORM.S.INV($AB$1) -> 1.6448536 | Y2: =X2 * SQRT(((Q2/30) * E2^2) + (D2^2 * (R2/30)^2)) -> 9.5171715 | Z2: =(W2 * (Q2/30)) + Y2 -> 20.831986
A3: P009 | B3: =72 -> 72 | C3: =COUNTIFS(RawData[part_id], A3, RawData[demand_quantity], ">0") -> 72 | D3: =AVERAGEIFS(RawData[demand_quantity], RawData[part_id], A3, RawData[demand_quantity], ">0") -> 8.4305556 | E3: {=_xlfn.STDEV.S(IF((RawData[part_id]=A3)*(RawData[demand_quantity]>0), RawData[demand_quantity]))} -> 2.9494635 | F3: =PartSummary[[#This Row],[TotalPeriods]]/PartSummary[[#This Row],[NonZeroPeriods]] -> 1 | G3: =(E3 / D3) ^ 2 -> 0.12239781 | H3: =IF(F3<=1.32, IF(G3<=0.49, "Smooth", "Erratic"), IF(G3<=0.49, "Intermittent", "Lumpy")) -> Smooth | I3: =SUMIFS('RawData'!G:G,'RawData'!A:A,PartSummary[[#This Row],[part_id]]) -> 607 | J3: =_xlfn.RANK.EQ(I3, $I$2:$I$61, 0) -> 2 | K3: =SUMIFS($I$2:$I$61, $J$2:$J$61, "<="&J3) -> 1220 | L3: =K3 / SUM($I$2:$I$61) -> 0.085225288 | M3: =IF(L3<=0.8, "A", IF(L3<=0.95, "B", "C")) -> A | N3: =PartSummary[[#This Row],[StdDevNonZeroDemand]]/PartSummary[[#This Row],[MeanNonZeroDemand]] -> 0.34985399 | O3: =IF(N3<=0.5, "X", IF(N3<=1, "Y", "Z")) -> X | P3: =M3 & O3 -> AX | Q3: =AVERAGEIFS('RawData'!M:M,'RawData'!A:A,PartSummary[[#This Row],[part_id]]) -> 37.5 | R3: {=_xlfn.STDEV.S(IF('RawData'!A:A=PartSummary[[#This Row],[part_id]],'RawData'!M:M))} -> 16.888199 | S3: {=MAX(IF(RawData[part_id]=A3, RawData[period_start_date_FIXED]))} -> 45261 | T3: =AVERAGEIFS(RawData[demand_quantity], RawData[part_id], A3, RawData[period_start_date_FIXED], ">"&EDATE(S3,-6)) -> 7.6666667 | U3: {=(LOOKUP(2,1/((RawData[part_id]=A3)*(RawData[demand_quantity]<>0)), RawData[demand_quantity])) / F3} -> 9 | V3: {=LOOKUP(2,1/(RawData[part_id]=A3), RawData[Croston_Recursive_Forecast])} -> 7.7994081 | W3: =IF(H3="Smooth", T3, IF(H3="Intermittent", V3, (1-0.2/2)*V3)) -> 7.6666667 | X3: =_xlfn.NORM.S.INV($AB$1) -> 1.6448536 | Y3: =X3 * SQRT(((Q3/30) * E3^2) + (D3^2 * (R3/30)^2)) -> 9.5057319 | Z3: =(W3 * (Q3/30)) + Y3 -> 19.089065
A4: P006 | B4: =72 -> 72 | C4: =COUNTIFS(RawData[part_id], A4, RawData[demand_quantity], ">0") -> 70 | D4: =AVERAGEIFS(RawData[demand_quantity], RawData[part_id], A4, RawData[demand_quantity], ">0") -> 8.3428571 | E4: {=_xlfn.STDEV.S(IF((RawData[part_id]=A4)*(RawData[demand_quantity]>0), RawData[demand_quantity]))} -> 3.0115031 | F4: =PartSummary[[#This Row],[TotalPeriods]]/PartSummary[[#This Row],[NonZeroPeriods]] -> 1.0285714 | G4: =(E4 / D4) ^ 2 -> 0.13029778 | H4: =IF(F4<=1.32, IF(G4<=0.49, "Smooth", "Erratic"), IF(G4<=0.49, "Intermittent", "Lumpy")) -> Smooth | I4: =SUMIFS('RawData'!G:G,'RawData'!A:A,PartSummary[[#This Row],[part_id]]) -> 584 | J4: =_xlfn.RANK.EQ(I4, $I$2:$I$61, 0) -> 3 | K4: =SUMIFS($I$2:$I$61, $J$2:$J$61, "<="&J4) -> 1804 | L4: =K4 / SUM($I$2:$I$61) -> 0.12602166 | M4: =IF(L4<=0.8, "A", IF(L4<=0.95, "B", "C")) -> A | N4: =PartSummary[[#This Row],[StdDevNonZeroDemand]]/PartSummary[[#This Row],[MeanNonZeroDemand]] -> 0.36096784 | O4: =IF(N4<=0.5, "X", IF(N4<=1, "Y", "Z")) -> X | P4: =M4 & O4 -> AX | Q4: =AVERAGEIFS('RawData'!M:M,'RawData'!A:A,PartSummary[[#This Row],[part_id]]) -> 38.958333 | R4: {=_xlfn.STDEV.S(IF('RawData'!A:A=PartSummary[[#This Row],[part_id]],'RawData'!M:M))} -> 16.634799 | S4: {=MAX(IF(RawData[part_id]=A4, RawData[period_start_date_FIXED]))} -> 45261 | T4: =AVERAGEIFS(RawData[demand_quantity], RawData[part_id], A4, RawData[period_start_date_FIXED], ">"&EDATE(S4,-6)) -> 8.3333333 | U4: {=(LOOKUP(2,1/((RawData[part_id]=A4)*(RawData[demand_quantity]<>0)), RawData[demand_quantity])) / F4} -> 7.7777778 | V4: {=LOOKUP(2,1/(RawData[part_id]=A4), RawData[Croston_Recursive_Forecast])} -> 8.9288361 | W4: =IF(H4="Smooth", T4, IF(H4="Intermittent", V4, (1-0.2/2)*V4)) -> 8.3333333 | X4: =_xlfn.NORM.S.INV($AB$1) -> 1.6448536 | Y4: =X4 * SQRT(((Q4/30) * E4^2) + (D4^2 * (R4/30)^2)) -> 9.4743737 | Z4: =(W4 * (Q4/30)) + Y4 -> 20.296133
A5: P004 | B5: =72 -> 72 | C5: =COUNTIFS(RawData[part_id], A5, RawData[demand_quantity], ">0") -> 69 | D5: =AVERAGEIFS(RawData[demand_quantity], RawData[part_id], A5, RawData[demand_quantity], ">0") -> 8.3913043 | E5: {=_xlfn.STDEV.S(IF((RawData[part_id]=A5)*(RawData[demand_quantity]>0), RawData[demand_quantity]))} -> 3.209441 | F5: =PartSummary[[#This Row],[TotalPeriods]]/PartSummary[[#This Row],[NonZeroPeriods]] -> 1.0434783 | G5: =(E5 / D5) ^ 2 -> 0.14628502 | H5: =IF(F5<=1.32, IF(G5<=0.49, "Smooth", "Erratic"), IF(G5<=0.49, "Intermittent", "Lumpy")) -> Smooth | I5: =SUMIFS('RawData'!G:G,'RawData'!A:A,PartSummary[[#This Row],[part_id]]) -> 579 | J5: =_xlfn.RANK.EQ(I5, $I$2:$I$61, 0) -> 4 | K5: =SUMIFS($I$2:$I$61, $J$2:$J$61, "<="&J5) -> 2383 | L5: =K5 / SUM($I$2:$I$61) -> 0.16646874 | M5: =IF(L5<=0.8, "A", IF(L5<=0.95, "B", "C")) -> A | N5: =PartSummary[[#This Row],[StdDevNonZeroDemand]]/PartSummary[[#This Row],[MeanNonZeroDemand]] -> 0.38247224 | O5: =IF(N5<=0.5, "X", IF(N5<=1, "Y", "Z")) -> X | P5: =M5 & O5 -> AX | Q5: =AVERAGEIFS('RawData'!M:M,'RawData'!A:A,PartSummary[[#This Row],[part_id]]) -> 37.916667 | R5: {=_xlfn.STDEV.S(IF('RawData'!A:A=PartSummary[[#This Row],[part_id]],'RawData'!M:M))} -> 15.716458 | S5: {=MAX(IF(RawData[part_id]=A5, RawData[period_start_date_FIXED]))} -> 45261 | T5: =AVERAGEIFS(RawData[demand_quantity], RawData[part_id], A5, RawData[period_start_date_FIXED], ">"&EDATE(S5,-6)) -> 11.166667 | U5: {=(LOOKUP(2,1/((RawData[part_id]=A5)*(RawData[demand_quantity]<>0)), RawData[demand_quantity])) / F5} -> 11.5 | V5: {=LOOKUP(2,1/(RawData[part_id]=A5), RawData[Croston_Recursive_Forecast])} -> 10.630517 | W5: =IF(H5="Smooth", T5, IF(H5="Intermittent", V5, (1-0.2/2)*V5)) -> 11.166667 | X5: =_xlfn.NORM.S.INV($AB$1) -> 1.6448536 | Y5: =X5 * SQRT(((Q5/30) * E5^2) + (D5^2 * (R5/30)^2)) -> 9.3545735 | Z5: =(W5 * (Q5/30)) + Y5 -> 23.467999
A6: P019 | B6: =72 -> 72 | C6: =COUNTIFS(RawData[part_id], A6, RawData[demand_quantity], ">0") -> 71 | D6: =AVERAGEIFS(RawData[demand_quantity], RawData[part_id], A6, RawData[demand_quantity], ">0") -> 8.1408451 | E6: {=_xlfn.STDEV.S(IF((RawData[part_id]=A6)*(RawData[demand_quantity]>0), RawData[demand_quantity]))} -> 2.7375473 | F6: =PartSummary[[#This Row],[TotalPeriods]]/PartSummary[[#This Row],[NonZeroPeriods]] -> 1.0140845 | G6: =(E6 / D6) ^ 2 -> 0.1130796 | H6: =IF(F6<=1.32, IF(G6<=0.49, "Smooth", "Erratic"), IF(G6<=0.49, "Intermittent", "Lumpy")) -> Smooth | I6: =SUMIFS('RawData'!G:G,'RawData'!A:A,PartSummary[[#This Row],[part_id]]) -> 578 | J6: =_xlfn.RANK.EQ(I6, $I$2:$I$61, 0) -> 5 | K6: =SUMIFS($I$2:$I$61, $J$2:$J$61, "<="&J6) -> 2961 | L6: =K6 / SUM($I$2:$I$61) -> 0.20684597 | M6: =IF(L6<=0.8, "A", IF(L6<=0.95, "B", "C")) -> A | N6: =PartSummary[[#This Row],[StdDevNonZeroDemand]]/PartSummary[[#This Row],[MeanNonZeroDemand]] -> 0.33627311 | O6: =IF(N6<=0.5, "X", IF(N6<=1, "Y", "Z")) -> X | P6: =M6 & O6 -> AX | Q6: =AVERAGEIFS('RawData'!M:M,'RawData'!A:A,PartSummary[[#This Row],[part_id]]) -> 38.541667 | R6: {=_xlfn.STDEV.S(IF('RawData'!A:A=PartSummary[[#This Row],[part_id]],'RawData'!M:M))} -> 17.227506 | S6: {=MAX(IF(RawData[part_id]=A6, RawData[period_start_date_FIXED]))} -> 45261 | T6: =AVERAGEIFS(RawData[demand_quantity], RawData[part_id], A6, RawData[period_start_date_FIXED], ">"&EDATE(S6,-6)) -> 8.3333333 | U6: {=(LOOKUP(2,1/((RawData[part_id]=A6)*(RawData[demand_quantity]<>0)), RawData[demand_quantity])) / F6} -> 11.833333 | V6: {=LOOKUP(2,1/(RawData[part_id]=A6), RawData[Croston_Recursive_Forecast])} -> 8.4123479 | W6: =IF(H6="Smooth", T6, IF(H6="Intermittent", V6, (1-0.2/2)*V6)) -> 8.3333333 | X6: =_xlfn.NORM.S.INV($AB$1) -> 1.6448536 | Y6: =X6 * SQRT(((Q6/30) * E6^2) + (D6^2 * (R6/30)^2)) -> 9.2291448 | Z6: =(W6 * (Q6/30)) + Y6 -> 19.935163
A7: P017 | B7: =72 -> 72 | C7: =COUNTIFS(RawData[part_id], A7, RawData[demand_quantity], ">0") -> 69 | D7: =AVERAGEIFS(RawData[demand_quantity], RawData[part_id], A7, RawData[demand_quantity], ">0") -> 8.3188406 | E7: {=_xlfn.STDEV.S(IF((RawData[part_id]=A7)*(RawData[demand_quantity]>0), RawData[demand_quantity]))} -> 3.1784789 | F7: =PartSummary[[#This Row],[TotalPeriods]]/PartSummary[[#This Row],[NonZeroPeriods]] -> 1.0434783 | G7: =(E7 / D7) ^ 2 -> 0.14598662 | H7: =IF(F7<=1.32, IF(G7<=0.49, "Smooth", "Erratic"), IF(G7<=0.49, "Intermittent", "Lumpy")) -> Smooth | I7: =SUMIFS('RawData'!G:G,'RawData'!A:A,PartSummary[[#This Row],[part_id]]) -> 574 | J7: =_xlfn.RANK.EQ(I7, $I$2:$I$61, 0) -> 6 | K7: =SUMIFS($I$2:$I$61, $J$2:$J$61, "<="&J7) -> 3535 | L7: =K7 / SUM($I$2:$I$61) -> 0.24694377 | M7: =IF(L7<=0.8, "A", IF(L7<=0.95, "B", "C")) -> A | N7: =PartSummary[[#This Row],[StdDevNonZeroDemand]]/PartSummary[[#This Row],[MeanNonZeroDemand]] -> 0.38208196 | O7: =IF(N7<=0.5, "X", IF(N7<=1, "Y", "Z")) -> X | P7: =M7 & O7 -> AX | Q7: =AVERAGEIFS('RawData'!M:M,'RawData'!A:A,PartSummary[[#This Row],[part_id]]) -> 34.791667 | R7: {=_xlfn.STDEV.S(IF('RawData'!A:A=PartSummary[[#This Row],[part_id]],'RawData'!M:M))} -> 17.042563 | S7: {=MAX(IF(RawData[part_id]=A7, RawData[period_start_date_FIXED]))} -> 45261 | T7: =AVERAGEIFS(RawData[demand_quantity], RawData[part_id], A7, RawData[period_start_date_FIXED], ">"&EDATE(S7,-6)) -> 6.8333333 | U7: {=(LOOKUP(2,1/((RawData[part_id]=A7)*(RawData[demand_quantity]<>0)), RawData[demand_quantity])) / F7} -> 8.625 | V7: {=LOOKUP(2,1/(RawData[part_id]=A7), RawData[Croston_Recursive_Forecast])} -> 7.5547982 | W7: =IF(H7="Smooth", T7, IF(H7="Intermittent", V7, (1-0.2/2)*V7)) -> 6.8333333 | X7: =_xlfn.NORM.S.INV($AB$1) -> 1.6448536 | Y7: =X7 * SQRT(((Q7/30) * E7^2) + (D7^2 * (R7/30)^2)) -> 9.5980638 | Z7: =(W7 * (Q7/30)) + Y7 -> 17.522832
A8: P020 | B8: =72 -> 72 | C8: =COUNTIFS(RawData[part_id], A8, RawData[demand_quantity], ">0") -> 72 | D8: =AVERAGEIFS(RawData[demand_quantity], RawData[part_id], A8, RawData[demand_quantity], ">0") -> 7.9444444 | E8: {=_xlfn.STDEV.S(IF((RawData[part_id]=A8)*(RawData[demand_quantity]>0), RawData[demand_quantity]))} -> 2.9257906 | F8: =PartSummary[[#This Row],[TotalPeriods]]/PartSummary[[#This Row],[NonZeroPeriods]] -> 1 | G8: =(E8 / D8) ^ 2 -> 0.13563114 | H8: =IF(F8<=1.32, IF(G8<=0.49, "Smooth", "Erratic"), IF(G8<=0.49, "Intermittent", "Lumpy")) -> Smooth | I8: =SUMIFS('RawData'!G:G,'RawData'!A:A,PartSummary[[#This Row],[part_id]]) -> 572 | J8: =_xlfn.RANK.EQ(I8, $I$2:$I$61, 0) -> 7 | K8: =SUMIFS($I$2:$I$61, $J$2:$J$61, "<="&J8) -> 4107 | L8: =K8 / SUM($I$2:$I$61) -> 0.28690185 | M8: =IF(L8<=0.8, "A", IF(L8<=0.95, "B", "C")) -> A | N8: =PartSummary[[#This Row],[StdDevNonZeroDemand]]/PartSummary[[#This Row],[MeanNonZeroDemand]] -> 0.36828133 | O8: =IF(N8<=0.5, "X", IF(N8<=1, "Y", "Z")) -> X | P8: =M8 & O8 -> AX | Q8: =AVERAGEIFS('RawData'!M:M,'RawData'!A:A,PartSummary[[#This Row],[part_id]]) -> 36.666667 | R8: {=_xlfn.STDEV.S(IF('RawData'!A:A=PartSummary[[#This Row],[part_id]],'RawData'!M:M))} -> 17.05418 | S8: {=MAX(IF(RawData[part_id]=A8, RawData[period_start_date_FIXED]))} -> 45261 | T8: =AVERAGEIFS(RawData[demand_quantity], RawData[part_id], A8, RawData[period_start_date_FIXED], ">"&EDATE(S8,-6)) -> 8.5 | U8: {=(LOOKUP(2,1/((RawData[part_id]=A8)*(RawData[demand_quantity]<>0)), RawData[demand_quantity])) / F8} -> 9 | V8: {=LOOKUP(2,1/(RawData[part_id]=A8), RawData[Croston_Recursive_Forecast])} -> 8.6786184 | W8: =IF(H8="Smooth", T8, IF(H8="Intermittent", V8, (1-0.2/2)*V8)) -> 8.5 | X8: =_xlfn.NORM.S.INV($AB$1) -> 1.6448536 | Y8: =X8 * SQRT(((Q8/30) * E8^2) + (D8^2 * (R8/30)^2)) -> 9.1372452 | Z8: =(W8 * (Q8/30)) + Y8 -> 19.526134
A9: P003 | B9: =72 -> 72 | C9: =COUNTIFS(RawData[part_id], A9, RawData[demand_quantity], ">0") -> 67 | D9: =AVERAGEIFS(RawData[demand_quantity], RawData[part_id], A9, RawData[demand_quantity], ">0") -> 8.5223881 | E9: {=_xlfn.STDEV.S(IF((RawData[part_id]=A9)*(RawData[demand_quantity]>0), RawData[demand_quantity]))} -> 2.9560324 | F9: =PartSummary[[#This Row],[TotalPeriods]]/PartSummary[[#This Row],[NonZeroPeriods]] -> 1.0746269 | G9: =(E9 / D9) ^ 2 -> 0.12030835 | H9: =IF(F9<=1.32, IF(G9<=0.49, "Smooth", "Erratic"), IF(G9<=0.49, "Intermittent", "Lumpy")) -> Smooth | I9: =SUMIFS('RawData'!G:G,'RawData'!A:A,PartSummary[[#This Row],[part_id]]) -> 571 | J9: =_xlfn.RANK.EQ(I9, $I$2:$I$61, 0) -> 8 | K9: =SUMIFS($I$2:$I$61, $J$2:$J$61, "<="&J9) -> 4678 | L9: =K9 / SUM($I$2:$I$61) -> 0.32679008 | M9: =IF(L9<=0.8, "A", IF(L9<=0.95, "B", "C")) -> A | N9: =PartSummary[[#This Row],[StdDevNonZeroDemand]]/PartSummary[[#This Row],[MeanNonZeroDemand]] -> 0.34685494 | O9: =IF(N9<=0.5, "X", IF(N9<=1, "Y", "Z")) -> X | P9: =M9 & O9 -> AX | Q9: =AVERAGEIFS('RawData'!M:M,'RawData'!A:A,PartSummary[[#This Row],[part_id]]) -> 34.166667 | R9: {=_xlfn.STDEV.S(IF('RawData'!A:A=PartSummary[[#This Row],[part_id]],'RawData'!M:M))} -> 17.482386 | S9: {=MAX(IF(RawData[part_id]=A9, RawData[period_start_date_FIXED]))} -> 45261 | T9: =AVERAGEIFS(RawData[demand_quantity], RawData[part_id], A9, RawData[period_start_date_FIXED], ">"&EDATE(S9,-6)) -> 6.5 | U9: {=(LOOKUP(2,1/((RawData[part_id]=A9)*(RawData[demand_quantity]<>0)), RawData[demand_quantity])) / F9} -> 3.7222222 | V9: {=LOOKUP(2,1/(RawData[part_id]=A9), RawData[Croston_Recursive_Forecast])} -> 6.9781376 | W9: =IF(H9="Smooth", T9, IF(H9="Intermittent", V9, (1-0.2/2)*V9)) -> 6.5 | X9: =_xlfn.NORM.S.INV($AB$1) -> 1.6448536 | Y9: =X9 * SQRT(((Q9/30) * E9^2) + (D9^2 * (R9/30)^2)) -> 9.6776647 | Z9: =(W9 * (Q9/30)) + Y9 -> 17.080443
A10: P014 | B10: =72 -> 72 | C10: =COUNTIFS(RawData[part_id], A10, RawData[demand_quantity], ">0") -> 69 | D10: =AVERAGEIFS(RawData[demand_quantity], RawData[part_id], A10, RawData[demand_quantity], ">0") -> 8.2318841 | E10: {=_xlfn.STDEV.S(IF((RawData[part_id]=A10)*(RawData[demand_quantity]>0), RawData[demand_quantity]))} -> 3.1349309 | F10: =PartSummary[[#This Row],[TotalPeriods]]/PartSummary[[#This Row],[NonZeroPeriods]] -> 1.0434783 | G10: =(E10 / D10) ^ 2 -> 0.14502987 | H10: =IF(F10<=1.32, IF(G10<=0.49, "Smooth", "Erratic"), IF(G10<=0.49, "Intermittent", "Lumpy")) -> Smooth | I10: =SUMIFS('RawData'!G:G,'RawData'!A:A,PartSummary[[#This Row],[part_id]]) -> 568 | J10: =_xlfn.RANK.EQ(I10, $I$2:$I$61, 0) -> 9 | K10: =SUMIFS($I$2:$I$61, $J$2:$J$61, "<="&J10) -> 5246 | L10: =K10 / SUM($I$2:$I$61) -> 0.36646874 | M10: =IF(L10<=0.8, "A", IF(L10<=0.95, "B", "C")) -> A | N10: =PartSummary[[#This Row],[StdDevNonZeroDemand]]/PartSummary[[#This Row],[MeanNonZeroDemand]] -> 0.38082788 | O10: =IF(N10<=0.5, "X", IF(N10<=1, "Y", "Z")) -> X | P10: =M10 & O10 -> AX | Q10: =AVERAGEIFS('RawData'!M:M,'RawData'!A:A,PartSummary[[#This Row],[part_id]]) -> 34.791667 | R10: {=_xlfn.STDEV.S(IF('RawData'!A:A=PartSummary[[#This Row],[part_id]],'RawData'!M:M))} -> 16.66652 | S10: {=MAX(IF(RawData[part_id]=A10, RawData[period_start_date_FIXED]))} -> 45261 | T10: =AVERAGEIFS(RawData[demand_quantity], RawData[part_id], A10, RawData[period_start_date_FIXED], ">"&EDATE(S10,-6)) -> 5.1666667 | U10: {=(LOOKUP(2,1/((RawData[part_id]=A10)*(RawData[demand_quantity]<>0)), RawData[demand_quantity])) / F10} -> 9.5833333 | V10: {=LOOKUP(2,1/(RawData[part_id]=A10), RawData[Croston_Recursive_Forecast])} -> 7.6513454 | W10: =IF(H10="Smooth", T10, IF(H10="Intermittent", V10, (1-0.2/2)*V10)) -> 5.1666667 | X10: =_xlfn.NORM.S.INV($AB$1) -> 1.6448536 | Y10: =X10 * SQRT(((Q10/30) * E10^2) + (D10^2 * (R10/30)^2)) -> 9.3499374 | Z10: =(W10 * (Q10/30)) + Y10 -> 15.341835
A11: P011 | B11: =72 -> 72 | C11: =COUNTIFS(RawData[part_id], A11, RawData[demand_quantity], ">0") -> 70 | D11: =AVERAGEIFS(RawData[demand_quantity], RawData[part_id], A11, RawData[demand_quantity], ">0") -> 8 | E11: {=_xlfn.STDEV.S(IF((RawData[part_id]=A11)*(RawData[demand_quantity]>0), RawData[demand_quantity]))} -> 3.3100637 | F11: =PartSummary[[#This Row],[TotalPeriods]]/PartSummary[[#This Row],[NonZeroPeriods]] -> 1.0285714 | G11: =(E11 / D11) ^ 2 -> 0.17119565 | H11: =IF(F11<=1.32, IF(G11<=0.49, "Smooth", "Erratic"), IF(G11<=0.49, "Intermittent", "Lumpy")) -> Smooth | I11: =SUMIFS('RawData'!G:G,'RawData'!A:A,PartSummary[[#This Row],[part_id]]) -> 560 | J11: =_xlfn.RANK.EQ(I11, $I$2:$I$61, 0) -> 10 | K11: =SUMIFS($I$2:$I$61, $J$2:$J$61, "<="&J11) -> 6366 | L11: =K11 / SUM($I$2:$I$61) -> 0.44470835 | M11: =IF(L11<=0.8, "A", IF(L11<=0.95, "B", "C")) -> A | N11: =PartSummary[[#This Row],[StdDevNonZeroDemand]]/PartSummary[[#This Row],[MeanNonZeroDemand]] -> 0.41375796 | O11: =IF(N11<=0.5, "X", IF(N11<=1, "Y", "Z")) -> X | P11: =M11 & O11 -> AX | Q11: =AVERAGEIFS('RawData'!M:M,'RawData'!A:A,PartSummary[[#This Row],[part_id]]) -> 36.875 | R11: {=_xlfn.STDEV.S(IF('RawData'!A:A=PartSummary[[#This Row],[part_id]],'RawData'!M:M))} -> 17.247933 | S11: {=MAX(IF(RawData[part_id]=A11, RawData[period_start_date_FIXED]))} -> 45261 | T11: =AVERAGEIFS(RawData[demand_quantity], RawData[part_id], A11, RawData[period_start_date_FIXED], ">"&EDATE(S11,-6)) -> 9.3333333 | U11: {=(LOOKUP(2,1/((RawData[part_id]=A11)*(RawData[demand_quantity]<>0)), RawData[demand_quantity])) / F11} -> 5.8333333 | V11: {=LOOKUP(2,1/(RawData[part_id]=A11), RawData[Croston_Recursive_Forecast])} -> 8.4518589 | W11: =IF(H11="Smooth", T11, IF(H11="Intermittent", V11, (1-0.2/2)*V11)) -> 9.3333333 | X11: =_xlfn.NORM.S.INV($AB$1) -> 1.6448536 | Y11: =X11 * SQRT(((Q11/30) * E11^2) + (D11^2 * (R11/30)^2)) -> 9.6784396 | Z11: =(W11 * (Q11/30)) + Y11 -> 21.150662
A12: P013 | B12: =72 -> 72 | C12: =COUNTIFS(RawData[part_id], A12, RawData[demand_quantity], ">0") -> 71 | D12: =AVERAGEIFS(RawData[demand_quantity], RawData[part_id], A12, RawData[demand_quantity], ">0") -> 7.8873239 | E12: {=_xlfn.STDEV.S(IF((RawData[part_id]=A12)*(RawData[demand_quantity]>0), RawData[demand_quantity]))} -> 3.0168541 | F12: =PartSummary[[#This Row],[TotalPeriods]]/PartSummary[[#This Row],[NonZeroPeriods]] -> 1.0140845 | G12: =(E12 / D12) ^ 2 -> 0.14630166 | H12: =IF(F12<=1.32, IF(G12<=0.49, "Smooth", "Erratic"), IF(G12<=0.49, "Intermittent", "Lumpy")) -> Smooth | I12: =SUMIFS('RawData'!G:G,'RawData'!A:A,PartSummary[[#This Row],[part_id]]) -> 560 | J12: =_xlfn.RANK.EQ(I12, $I$2:$I$61, 0) -> 10 | K12: =SUMIFS($I$2:$I$61, $J$2:$J$61, "<="&J12) -> 6366 | L12: =K12 / SUM($I$2:$I$61) -> 0.44470835 | M12: =IF(L12<=0.8, "A", IF(L12<=0.95, "B", "C")) -> A | N12: =PartSummary[[#This Row],[StdDevNonZeroDemand]]/PartSummary[[#This Row],[MeanNonZeroDemand]] -> 0.382494 | O12: =IF(N12<=0.5, "X", IF(N12<=1, "Y", "Z")) -> X | P12: =M12 & O12 -> AX | Q12: =AVERAGEIFS('RawData'!M:M,'RawData'!A:A,PartSummary[[#This Row],[part_id]]) -> 38.125 | R12: {=_xlfn.STDEV.S(IF('RawData'!A:A=PartSummary[[#This Row],[part_id]],'RawData'!M:M))} -> 16.107856 | S12: {=MAX(IF(RawData[part_id]=A12, RawData[period_start_date_FIXED]))} -> 45261 | T12: =AVERAGEIFS(RawData[demand_quantity], RawData[part_id], A12, RawData[period_start_date_FIXED], ">"&EDATE(S12,-6)) -> 7.6666667 | U12: {=(LOOKUP(2,1/((RawData[part_id]=A12)*(RawData[demand_quantity]<>0)), RawData[demand_quantity])) / F12} -> 6.9027778 | V12: {=LOOKUP(2,1/(RawData[part_id]=A12), RawData[Croston_Recursive_Forecast])} -> 7.7221314 | W12: =IF(H12="Smooth", T12, IF(H12="Intermittent", V12, (1-0.2/2)*V12)) -> 7.6666667 | X12: =_xlfn.NORM.S.INV($AB$1) -> 1.6448536 | Y12: =X12 * SQRT(((Q12/30) * E12^2) + (D12^2 * (R12/30)^2)) -> 8.9339933 | Z12: =(W12 * (Q12/30)) + Y12 -> 18.677049
A13: P018 | B13: =72 -> 72 | C13: =COUNTIFS(RawData[part_id], A13, RawData[demand_quantity], ">0") -> 69 | D13: =AVERAGEIFS(RawData[demand_quantity], RawData[part_id], A13, RawData[demand_quantity], ">0") -> 8.0724638 | E13: {=_xlfn.STDEV.S(IF((RawData[part_id]=A13)*(RawData[demand_quantity]>0), RawData[demand_quantity]))} -> 2.782925 | F13: =PartSummary[[#This Row],[TotalPeriods]]/PartSummary[[#This Row],[NonZeroPeriods]] -> 1.0434783 | G13: =(E13 / D13) ^ 2 -> 0.11884771 | H13: =IF(F13<=1.32, IF(G13<=0.49, "Smooth", "Erratic"), IF(G13<=0.49, "Intermittent", "Lumpy")) -> Smooth | I13: =SUMIFS('RawData'!G:G,'RawData'!A:A,PartSummary[[#This Row],[part_id]]) -> 557 | J13: =_xlfn.RANK.EQ(I13, $I$2:$I$61, 0) -> 12 | K13: =SUMIFS($I$2:$I$61, $J$2:$J$61, "<="&J13) -> 6923 | L13: =K13 / SUM($I$2:$I$61) -> 0.48361858 | M13: =IF(L13<=0.8, "A", IF(L13<=0.95, "B", "C")) -> A | N13: =PartSummary[[#This Row],[StdDevNonZeroDemand]]/PartSummary[[#This Row],[MeanNonZeroDemand]] -> 0.34474296 | O13: =IF(N13<=0.5, "X", IF(N13<=1, "Y", "Z")) -> X | P13: =M13 & O13 -> AX | Q13: =AVERAGEIFS('RawData'!M:M,'RawData'!A:A,PartSummary[[#This Row],[part_id]]) -> 35.208333 | R13: {=_xlfn.STDEV.S(IF('RawData'!A:A=PartSummary[[#This Row],[part_id]],'RawData'!M:M))} -> 17.104433 | S13: {=MAX(IF(RawData[part_id]=A13, RawData[period_start_date_FIXED]))} -> 45261 | T13: =AVERAGEIFS(RawData[demand_quantity], RawData[part_id], A13, RawData[period_start_date_FIXED], ">"&EDATE(S13,-6)) -> 8.5 | U13: {=(LOOKUP(2,1/((RawData[part_id]=A13)*(RawData[demand_quantity]<>0)), RawData[demand_quantity])) / F13} -> 3.8333333 | V13: {=LOOKUP(2,1/(RawData[part_id]=A13), RawData[Croston_Recursive_Forecast])} -> 7.7073562 | W13: =IF(H13="Smooth", T13, IF(H13="Intermittent", V13, (1-0.2/2)*V13)) -> 8.5 | X13: =_xlfn.NORM.S.INV($AB$1) -> 1.6448536 | Y13: =X13 * SQRT(((Q13/30) * E13^2) + (D13^2 * (R13/30)^2)) -> 9.0500158 | Z13: =(W13 * (Q13/30)) + Y13 -> 19.02571
... A61: P046 | B61: =72 -> 72 | C61: =COUNTIFS(RawData[part_id], A61, RawData[demand_quantity], ">0") -> 6 | D61: =AVERAGEIFS(RawData[demand_quantity], RawData[part_id], A61, RawData[demand_quantity], ">0") -> 1 | E61: {=_xlfn.STDEV.S(IF((RawData[part_id]=A61)*(RawData[demand_quantity]>0), RawData[demand_quantity]))} -> 0 | F61: =PartSummary[[#This Row],[TotalPeriods]]/PartSummary[[#This Row],[NonZeroPeriods]] -> 12 | G61: =(E61 / D61) ^ 2 -> 0 | H61: =IF(F61<=1.32, IF(G61<=0.49, "Smooth", "Erratic"), IF(G61<=0.49, "Intermittent", "Lumpy")) -> Intermittent | I61: =SUMIFS('RawData'!G:G,'RawData'!A:A,PartSummary[[#This Row],[part_id]]) -> 6 | J61: =_xlfn.RANK.EQ(I61, $I$2:$I$61, 0) -> 60 | K61: =SUMIFS($I$2:$I$61, $J$2:$J$61, "<="&J61) -> 14315 | L61: =K61 / SUM($I$2:$I$61) -> 1 | M61: =IF(L61<=0.8, "A", IF(L61<=0.95, "B", "C")) -> C | N61: =PartSummary[[#This Row],[StdDevNonZeroDemand]]/PartSummary[[#This Row],[MeanNonZeroDemand]] -> 0 | O61: =IF(N61<=0.5, "X", IF(N61<=1, "Y", "Z")) -> X | P61: =M61 & O61 -> CX | Q61: =AVERAGEIFS('RawData'!M:M,'RawData'!A:A,PartSummary[[#This Row],[part_id]]) -> 38.75 | R61: {=_xlfn.STDEV.S(IF('RawData'!A:A=PartSummary[[#This Row],[part_id]],'RawData'!M:M))} -> 17.213449 | S61: {=MAX(IF(RawData[part_id]=A61, RawData[period_start_date_FIXED]))} -> 45261 | T61: =AVERAGEIFS(RawData[demand_quantity], RawData[part_id], A61, RawData[period_start_date_FIXED], ">"&EDATE(S61,-6)) -> 0.16666667 | U61: {=(LOOKUP(2,1/((RawData[part_id]=A61)*(RawData[demand_quantity]<>0)), RawData[demand_quantity])) / F61} -> 0.083333333 | V61: {=LOOKUP(2,1/(RawData[part_id]=A61), RawData[Croston_Recursive_Forecast])} -> 0.087853387 | W61: =IF(H61="Smooth", T61, IF(H61="Intermittent", V61, (1-0.2/2)*V61)) -> 0.087853387 | X61: =_xlfn.NORM.S.INV($AB$1) -> 1.6448536 | Y61: =X61 * SQRT(((Q61/30) * E61^2) + (D61^2 * (R61/30)^2)) -> 0.94378679 | Z61: =(W61 * (Q61/30)) + Y61 -> 1.0572641
